,case_name,backrub_steps,score_function_name,fa_atr,fa_dun,fa_elec,fa_intra_rep,fa_rep,fa_sol,hbond_bb_sc,hbond_lr_bb,hbond_sc,hbond_sr_bb,omega,p_aa_pp,pro_close,rama,ref,total_score,yhh_planarity,scored_state,nstruct
0,Rosettav3_B44_R,5,fa_talaris2014,-0.28151,0,-0.25911,0,0.01151,0.25887,-0.08129,0.00783,0.00365,0,0,0,0,0,0,-0.34005,0,ddG,10
0,Rosettav3_B44_R,5,fa_talaris2014,-0.26017,0,-0.26352,0,0.01555,0.2223,-0.07153,0.00633,0.00646,0,0,0,0,0,0,-0.34459,0,ddG,20
0,Rosettav3_B44_R,5,fa_talaris2014,-0.2564,0,-0.30716,0,0.02324,0.21736,-0.08781,0.00378,0.02487,0,0,0,0,0,0,-0.38212,0,ddG,30
0,Rosettav3_B44_R,5,fa_talaris2014,-0.22131,0,-0.30927,0,0.02204,0.19548,-0.08629,0.00452,0.01811,0,0,0,0,0,0,-0.37671,0,ddG,35
0,Rosettav3_B44_R,5,fa_talaris2014-gam,-0.27335649,0,-0.22923219,0,0.013105958,0.160963691,-0.067932683,0.018612155,0.00165629,0,0,0,0,0,0,-0.37618327,0,ddG,10
0,Rosettav3_B44_R,5,fa_talaris2014-gam,-0.252643562,0,-0.233098814,0,0.017706108,0.138224702,-0.059794735,0.01504661,0.002931406,0,0,0,0,0,0,-0.371628285,0,ddG,20
0,Rosettav3_B44_R,5,fa_talaris2014-gam,-0.248984117,0,-0.271262784,0,0.026462253,0.135153042,-0.073364724,0.008985181,0.011285448,0,0,0,0,0,0,-0.411725701,0,ddG,30
0,Rosettav3_B44_R,5,fa_talaris2014-gam,-0.214920121,0,-0.273103199,0,0.025095893,0.121548199,-0.072098691,0.010744185,0.008217916,0,0,0,0,0,0,-0.394515818,0,ddG,35
0,Rosettav3_B44_R,5,fa_talaris2014,-49.77226,0,-8.30304,0,3.23435,33.9917,-8.56153,-2.80049,-3.83681,0,0,0,0,0,0,-36.04808,0,mut_dG,10
0,Rosettav3_B44_R,5,fa_talaris2014,-49.97759,0,-8.29616,0,3.26467,34.17533,-8.48449,-2.8003,-3.76711,0,0,0,0,0,0,-35.88564,0,mut_dG,20
0,Rosettav3_B44_R,5,fa_talaris2014,-50.02144,0,-8.29286,0,3.25213,34.24555,-8.54717,-2.80653,-3.8184,0,0,0,0,0,0,-35.98873,0,mut_dG,30
0,Rosettav3_B44_R,5,fa_talaris2014,-50.00263,0,-8.25882,0,3.25739,34.24153,-8.51931,-2.8069,-3.81234,0,0,0,0,0,0,-35.90107,0,mut_dG,35
0,Rosettav3_B44_R,5,fa_talaris2014,-49.49075,0,-8.04393,0,3.22284,33.73283,-8.48024,-2.80831,-3.84047,0,0,0,0,0,0,-35.70803,0,wt_dG,10
0,Rosettav3_B44_R,5,fa_talaris2014,-49.71741,0,-8.03264,0,3.24912,33.95303,-8.41296,-2.80663,-3.77356,0,0,0,0,0,0,-35.54105,0,wt_dG,20
0,Rosettav3_B44_R,5,fa_talaris2014,-49.76504,0,-7.98571,0,3.22889,34.02818,-8.45936,-2.8103,-3.84327,0,0,0,0,0,0,-35.60661,0,wt_dG,30
0,Rosettav3_B44_R,5,fa_talaris2014,-49.78132,0,-7.94955,0,3.23535,34.04605,-8.43302,-2.81142,-3.83045,0,0,0,0,0,0,-35.52436,0,wt_dG,35
0,Rosettav3_B54_E,5,fa_talaris2014,-0.3674,0,-0.49105,0,-0.08014,0.79366,-0.00836,0.00136,-0.03876,0,0,0,0,0,0,-0.19069,0,ddG,10
0,Rosettav3_B54_E,5,fa_talaris2014,-0.47445,0,-0.41129,0,-0.01876,0.88754,-0.07059,0.00413,-0.05766,0,0,0,0,0,0,-0.14108,0,ddG,20
0,Rosettav3_B54_E,5,fa_talaris2014,-0.49456,0,-0.37378,0,-0.02217,0.89225,-0.05117,0.00512,-0.02361,0,0,0,0,0,0,-0.06793,0,ddG,30
0,Rosettav3_B54_E,5,fa_talaris2014,-0.46439,0,-0.3908,0,-0.01302,0.87301,-0.04382,0.00502,-0.0179,0,0,0,0,0,0,-0.0519,0,ddG,35
0,Rosettav3_B54_E,5,fa_talaris2014-gam,-0.356697613,0,-0.429587939,0,-0.091243101,0.493492618,-0.006995708,0.003232764,-0.017588395,0,0,0,0,0,0,-0.405387373,0,ddG,10
0,Rosettav3_B54_E,5,fa_talaris2014-gam,-0.460501509,0,-0.361474483,0,-0.021361159,0.55186658,-0.059010572,0.009817142,-0.026164707,0,0,0,0,0,0,-0.366828706,0,ddG,20
0,Rosettav3_B54_E,5,fa_talaris2014-gam,-0.479991512,0,-0.329131102,0,-0.025243915,0.554795227,-0.042796983,0.012170403,-0.01071369,0,0,0,0,0,0,-0.320911571,0,ddG,30
0,Rosettav3_B54_E,5,fa_talaris2014-gam,-0.450750365,0,-0.34382963,0,-0.014825324,0.542831923,-0.036654936,0.0119327,-0.008122622,0,0,0,0,0,0,-0.299418254,0,ddG,35
0,Rosettav3_B54_E,5,fa_talaris2014,-50.20582,0,-8.16414,0,3.03166,35.05853,-8.48964,-2.81454,-3.77622,0,0,0,0,0,0,-35.36017,0,mut_dG,10
0,Rosettav3_B54_E,5,fa_talaris2014,-50.49311,0,-8.02087,0,3.08793,35.3281,-8.32436,-2.8064,-3.73935,0,0,0,0,0,0,-34.96806,0,mut_dG,20
0,Rosettav3_B54_E,5,fa_talaris2014,-50.42002,0,-7.98796,0,3.0967,35.30097,-8.36097,-2.80372,-3.68898,0,0,0,0,0,0,-34.86399,0,mut_dG,30
0,Rosettav3_B54_E,5,fa_talaris2014,-50.386,0,-7.99316,0,3.09852,35.26192,-8.33574,-2.80366,-3.67561,0,0,0,0,0,0,-34.83373,0,mut_dG,35
0,Rosettav3_B54_E,5,fa_talaris2014,-49.83842,0,-7.67309,0,3.1118,34.26487,-8.48128,-2.8159,-3.73746,0,0,0,0,0,0,-35.16948,0,wt_dG,10
0,Rosettav3_B54_E,5,fa_talaris2014,-50.01866,0,-7.60958,0,3.10669,34.44056,-8.25377,-2.81053,-3.68169,0,0,0,0,0,0,-34.82698,0,wt_dG,20
0,Rosettav3_B54_E,5,fa_talaris2014,-49.92545,0,-7.61418,0,3.11886,34.40872,-8.3098,-2.80884,-3.66537,0,0,0,0,0,0,-34.79606,0,wt_dG,30
0,Rosettav3_B54_E,5,fa_talaris2014,-49.9216,0,-7.60237,0,3.11154,34.38891,-8.29193,-2.80868,-3.6577,0,0,0,0,0,0,-34.78183,0,wt_dG,35
0,Rosettav3_B98_W,5,fa_talaris2014,-4.02483,0,1.48155,0,1.21901,-0.8311,1.6809,-0.01247,1.05666,0,0,0,0,0,0,0.56971,0,ddG,10
0,Rosettav3_B98_W,5,fa_talaris2014,-4.55856,0,1.21064,0,1.31327,-0.18716,1.5374,-0.00933,0.82471,0,0,0,0,0,0,0.13098,0,ddG,20
0,Rosettav3_B98_W,5,fa_talaris2014,-4.61618,0,0.97188,0,1.41506,-0.01053,1.61718,-0.00357,0.77709,0,0,0,0,0,0,0.15094,0,ddG,30
0,Rosettav3_B98_W,5,fa_talaris2014,-4.60263,0,0.86647,0,1.42883,0.05609,1.57653,-0.00216,0.74416,0,0,0,0,0,0,0.06729,0,ddG,35
0,Rosettav3_B98_W,5,fa_talaris2014-gam,-3.725190539,0,1.155426774,0,1.356623649,-0.516772563,0.923340522,-0.029641558,0.478671975,0,0,0,0,0,0,-0.35754174,0,ddG,10
0,Rosettav3_B98_W,5,fa_talaris2014-gam,-4.164440096,0,0.983382772,0,1.456258728,-0.116374877,0.890438117,-0.022177697,0.373846467,0,0,0,0,0,0,-0.599066587,0,ddG,20
0,Rosettav3_B98_W,5,fa_talaris2014-gam,-4.210792949,0,0.813988334,0,1.562591559,-0.006547486,0.909507916,-0.008486005,0.352301047,0,0,0,0,0,0,-0.587437584,0,ddG,30
0,Rosettav3_B98_W,5,fa_talaris2014-gam,-4.199911694,0,0.734270467,0,1.57687135,0.034876399,0.900043852,-0.00513439,0.337397738,0,0,0,0,0,0,-0.621586277,0,ddG,35
0,Rosettav3_B98_W,5,fa_talaris2014,-55.48393,0,-7.36801,0,4.73694,35.72342,-7.04744,-2.82334,-2.99078,0,0,0,0,0,0,-35.25314,0,mut_dG,10
0,Rosettav3_B98_W,5,fa_talaris2014,-55.50945,0,-7.39432,0,4.69024,35.74599,-7.25022,-2.83049,-3.06264,0,0,0,0,0,0,-35.61089,0,mut_dG,20
0,Rosettav3_B98_W,5,fa_talaris2014,-55.28602,0,-7.2665,0,4.76305,35.57224,-7.15285,-2.82691,-2.97923,0,0,0,0,0,0,-35.17622,0,mut_dG,30
0,Rosettav3_B98_W,5,fa_talaris2014,-55.25027,0,-7.31459,0,4.78129,35.54676,-7.21965,-2.82543,-2.98356,0,0,0,0,0,0,-35.26546,0,mut_dG,35
0,Rosettav3_B98_W,5,fa_talaris2014,-51.4591,0,-8.84956,0,3.51794,36.55452,-8.72834,-2.81087,-4.04744,0,0,0,0,0,0,-35.82285,0,wt_dG,10
0,Rosettav3_B98_W,5,fa_talaris2014,-50.9509,0,-8.60496,0,3.37697,35.93315,-8.78763,-2.82116,-3.88735,0,0,0,0,0,0,-35.74187,0,wt_dG,20
0,Rosettav3_B98_W,5,fa_talaris2014,-50.66984,0,-8.23838,0,3.34799,35.58276,-8.77003,-2.82334,-3.75632,0,0,0,0,0,0,-35.32716,0,wt_dG,30
0,Rosettav3_B98_W,5,fa_talaris2014,-50.64765,0,-8.18106,0,3.35246,35.49066,-8.79618,-2.82327,-3.72772,0,0,0,0,0,0,-35.33275,0,wt_dG,35
0,Rosettav3_B99_R,5,fa_talaris2014,-4.98026,0,-0.29961,0,0.60679,3.58121,0.91931,-0.0076,-0.34316,0,0,0,0,0,0,-0.52332,0,ddG,10
0,Rosettav3_B99_R,5,fa_talaris2014,-4.78411,0,-0.00175,0,0.52139,3.37097,1.05053,-0.00202,-0.24299,0,0,0,0,0,0,-0.08798,0,ddG,20
0,Rosettav3_B99_R,5,fa_talaris2014,-4.81932,0,0.09606,0,0.48154,3.24289,1.03538,0.0052,-0.18708,0,0,0,0,0,0,-0.14533,0,ddG,30
0,Rosettav3_B99_R,5,fa_talaris2014,-4.86992,0,0.19656,0,0.48528,3.34563,1.05475,0.00231,-0.22235,0,0,0,0,0,0,-0.00774,0,ddG,35
0,Rosettav3_B99_R,5,fa_talaris2014-gam,-4.498690901,0,-0.264673631,0,0.686972539,2.226769771,0.658557063,-0.018065438,-0.155690421,0,0,0,0,0,0,-1.364821019,0,ddG,10
0,Rosettav3_B99_R,5,fa_talaris2014-gam,-4.344663021,0,-0.001554989,0,0.591172442,2.096044471,0.722102892,-0.004801605,-0.110253561,0,0,0,0,0,0,-1.051953371,0,ddG,20
0,Rosettav3_B99_R,5,fa_talaris2014-gam,-4.372498672,0,0.085304192,0,0.546328811,2.016405471,0.7151977,0.012360566,-0.084888245,0,0,0,0,0,0,-1.081790177,0,ddG,30
0,Rosettav3_B99_R,5,fa_talaris2014-gam,-4.412358421,0,0.174217137,0,0.550541002,2.080288287,0.724006599,0.005490945,-0.100889911,0,0,0,0,0,0,-0.978704363,0,ddG,35
0,Rosettav3_B99_R,5,fa_talaris2014,-55.01981,0,-7.1353,0,3.8162,38.45535,-6.91205,-2.74927,-3.92923,0,0,0,0,0,0,-33.47411,0,mut_dG,10
0,Rosettav3_B99_R,5,fa_talaris2014,-55.80539,0,-7.38771,0,4.02503,39.05059,-7.035,-2.75634,-4.0088,0,0,0,0,0,0,-33.91761,0,mut_dG,20
0,Rosettav3_B99_R,5,fa_talaris2014,-55.69365,0,-7.52803,0,3.98484,38.94682,-7.087,-2.75016,-4.06432,0,0,0,0,0,0,-34.1915,0,mut_dG,30
0,Rosettav3_B99_R,5,fa_talaris2014,-55.73904,0,-7.48308,0,3.95385,39.07103,-7.10965,-2.7566,-4.0953,0,0,0,0,0,0,-34.15879,0,mut_dG,35
0,Rosettav3_B99_R,5,fa_talaris2014,-50.03955,0,-6.8357,0,3.20941,34.87413,-7.83136,-2.74167,-3.58607,0,0,0,0,0,0,-32.9508,0,wt_dG,10
0,Rosettav3_B99_R,5,fa_talaris2014,-51.02128,0,-7.38596,0,3.50364,35.67963,-8.08553,-2.75432,-3.76581,0,0,0,0,0,0,-33.82963,0,wt_dG,20
0,Rosettav3_B99_R,5,fa_talaris2014,-50.87433,0,-7.6241,0,3.5033,35.70393,-8.12238,-2.75536,-3.87724,0,0,0,0,0,0,-34.04617,0,wt_dG,30
0,Rosettav3_B99_R,5,fa_talaris2014,-50.86912,0,-7.67964,0,3.46857,35.7254,-8.1644,-2.75891,-3.87295,0,0,0,0,0,0,-34.15105,0,wt_dG,35
0,Rosettav3_B102_R,5,fa_talaris2014,-5.14213,0,-1.02184,0,0.31229,4.74484,0.67433,0.0092,-0.13574,0,0,0,0,0,0,-0.55904,0,ddG,10
0,Rosettav3_B102_R,5,fa_talaris2014,-5.05867,0,-0.72981,0,0.32578,4.42118,0.51628,0.00317,0.02815,0,0,0,0,0,0,-0.49392,0,ddG,20
0,Rosettav3_B102_R,5,fa_talaris2014,-5.10363,0,-0.92908,0,0.34494,4.59709,0.34146,0.00993,-0.07447,0,0,0,0,0,0,-0.81376,0,ddG,30
0,Rosettav3_B102_R,5,fa_talaris2014,-5.0608,0,-0.77291,0,0.3147,4.48777,0.39781,0.00449,-0.02452,0,0,0,0,0,0,-0.65347,0,ddG,35
0,Rosettav3_B102_R,5,fa_talaris2014-gam,-4.623871095,0,-0.850748575,0,0.355050435,2.950302805,0.516812478,0.021868683,-0.06159409,0,0,0,0,0,0,-1.692179358,0,ddG,10
0,Rosettav3_B102_R,5,fa_talaris2014-gam,-4.559547895,0,-0.626835557,0,0.37033776,2.749054643,0.40979766,0.007535192,0.012773835,0,0,0,0,0,0,-1.636884361,0,ddG,20
0,Rosettav3_B102_R,5,fa_talaris2014-gam,-4.594257154,0,-0.781966848,0,0.392039632,2.858433537,0.279076095,0.023603913,-0.033792561,0,0,0,0,0,0,-1.856863385,0,ddG,30
0,Rosettav3_B102_R,5,fa_talaris2014-gam,-4.561195326,0,-0.661190872,0,0.357781979,2.790459577,0.322461367,0.010672874,-0.011126626,0,0,0,0,0,0,-1.752137028,0,ddG,35
0,Rosettav3_B102_R,5,fa_talaris2014,-54.35469,0,-8.84018,0,3.23798,39.28229,-7.14026,-2.41959,-4.01149,0,0,0,0,0,0,-34.24594,0,mut_dG,10
0,Rosettav3_B102_R,5,fa_talaris2014,-55.15512,0,-8.92837,0,3.46621,39.72113,-7.34236,-2.32305,-3.93505,0,0,0,0,0,0,-34.4966,0,mut_dG,20
0,Rosettav3_B102_R,5,fa_talaris2014,-55.28916,0,-8.98773,0,3.44902,39.83927,-7.41827,-2.38019,-3.98169,0,0,0,0,0,0,-34.76876,0,mut_dG,30
0,Rosettav3_B102_R,5,fa_talaris2014,-55.33059,0,-8.92713,0,3.42862,39.87917,-7.40056,-2.35237,-3.99481,0,0,0,0,0,0,-34.69766,0,mut_dG,35
0,Rosettav3_B102_R,5,fa_talaris2014,-49.21257,0,-7.81834,0,2.92569,34.53745,-7.8146,-2.42879,-3.87575,0,0,0,0,0,0,-33.6869,0,wt_dG,10
0,Rosettav3_B102_R,5,fa_talaris2014,-50.09645,0,-8.19856,0,3.14043,35.29996,-7.85864,-2.32622,-3.9632,0,0,0,0,0,0,-34.00268,0,wt_dG,20
0,Rosettav3_B102_R,5,fa_talaris2014,-50.18552,0,-8.05866,0,3.10407,35.24218,-7.75973,-2.39012,-3.90722,0,0,0,0,0,0,-33.955,0,wt_dG,30
0,Rosettav3_B102_R,5,fa_talaris2014,-50.26979,0,-8.15422,0,3.11392,35.3914,-7.79837,-2.35685,-3.97029,0,0,0,0,0,0,-34.0442,0,wt_dG,35
