,case_name,backrub_steps,struct_num,score_function_name,fa_atr,fa_dun,fa_elec,fa_intra_rep,fa_rep,fa_sol,hbond_bb_sc,hbond_lr_bb,hbond_sc,hbond_sr_bb,omega,p_aa_pp,pro_close,rama,ref,total_score,yhh_planarity
0,Rosettav3_B44_R,5,1,fa_talaris2014,-0.471679986,0,-0.426837734,7.11E-15,0.061116464,0.370625777,0.042650426,0.012842992,0.029452445,3.33E-11,7.11E-15,-1.42E-14,-1.85E-13,0,0,-0.381829616,1.11E-16
1,Rosettav3_B44_R,5,2,fa_talaris2014,-0.874845595,1.14E-13,-0.396539366,2.04E-14,-0.041273341,0.79843482,0.035657701,0.00813599,0.020979892,1.92E-10,0,0,1.87E-13,0,0,-0.449449899,0
2,Rosettav3_B44_R,5,3,fa_talaris2014,0.006527606,0,0.048814729,-1.60E-14,0.039739783,-0.052917021,0.015395794,0.00384101,-0.01293066,4.55E-12,-7.11E-15,0,8.22E-15,0,0,0.048471241,5.55E-17
3,Rosettav3_B44_R,5,4,fa_talaris2014,-0.07466006,0,-0.108863643,-4.80E-14,-0.034345282,0.147878838,0.019475388,-0.002445422,-0.073805976,-2.76E-11,-7.11E-15,1.42E-14,-9.02E-14,0,0,-0.126766158,5.55E-17
4,Rosettav3_B44_R,5,5,fa_talaris2014,0.163101578,-1.14E-13,-0.065560934,-1.78E-15,-0.001348576,-0.136962152,-0.282329958,0.008660076,-0.001303702,-1.82E-10,0,0,-1.37E-13,0,0,-0.315743668,-1.11E-16
5,Rosettav3_B44_R,5,6,fa_talaris2014,-0.098616685,0,-0.070865258,4.62E-14,-0.014488239,0.081215593,0.034269945,0.018437655,0.021559702,9.97E-11,0,0,1.78E-15,0,0,-0.028487288,0
6,Rosettav3_B44_R,5,7,fa_talaris2014,-0.680492471,0,-0.160241575,3.82E-14,0.041728024,0.610609804,0.019890392,0.007088973,0.006032563,-3.22E-11,7.11E-15,-1.42E-14,2.17E-13,-7.11E-15,0,-0.15538429,0
7,Rosettav3_B44_R,5,8,fa_talaris2014,-0.564336631,-1.14E-13,-0.273125456,5.51E-14,-0.008028719,0.460195612,-0.027974595,0.012756723,0.132506419,9.43E-11,0,1.42E-14,2.39E-13,0,0,-0.268006647,0
8,Rosettav3_B44_R,5,9,fa_talaris2014,0.129925713,0,-0.007435649,5.33E-15,-0.025486528,-0.110286874,-0.016983484,0.003176577,-0.073193363,-2.07E-11,-7.11E-15,0,1.38E-13,0,0,-0.100283607,0
9,Rosettav3_B44_R,5,10,fa_talaris2014,-0.350020843,-1.14E-13,-1.130458882,2.93E-14,0.097524029,0.41990076,-0.652970189,0.005783423,-0.012771403,1.54E-11,0,0,1.06E-13,0,0,-1.623013106,-5.55E-17
10,Rosettav3_B44_R,5,11,fa_talaris2014,-0.84520563,0,-0.391200356,-5.77E-14,-4.47E-05,0.693172133,-0.007338508,0.0044288,0.061422019,7.21E-11,0,0,-1.09E-13,7.11E-15,0,-0.484766211,0
11,Rosettav3_B44_R,5,12,fa_talaris2014,-0.313732011,0,-0.450018815,-7.99E-15,0.081915373,0.252341737,0.027983727,0.005462135,0.01076363,9.70E-11,0,0,2.00E-13,-7.11E-15,0,-0.385284224,0
12,Rosettav3_B44_R,5,13,fa_talaris2014,0.771070227,0,-0.150441857,-8.88E-16,-0.006219429,-0.827150446,0.029146671,0.00945913,0.016653626,-4.34E-11,-7.11E-15,0,8.86E-14,0,0,-0.157482077,0
13,Rosettav3_B44_R,5,14,fa_talaris2014,0.307267303,1.14E-13,-0.226480101,-9.33E-14,0.072958342,-0.27721036,-0.044045902,0.006011956,-0.01680481,-3.03E-11,-7.11E-15,1.42E-14,-1.96E-13,0,0,-0.178303572,5.55E-17
14,Rosettav3_B44_R,5,15,fa_talaris2014,0.182882194,0,0.110780156,2.04E-14,0.039740951,-0.242718592,0.008841069,0.004830575,-0.072838004,-1.55E-10,7.11E-15,0,9.81E-14,0,0,0.031518349,2.22E-16
15,Rosettav3_B44_R,5,16,fa_talaris2014,0.028674802,0,-0.023380592,-1.42E-14,0.015241512,-0.09403948,-0.027176077,0.004416361,0.073112103,-5.82E-11,0,0,-2.95E-13,0,0,-0.02315137,2.22E-16
16,Rosettav3_B44_R,5,17,fa_talaris2014,-0.75936276,0,-0.45998666,5.86E-14,-0.001791799,0.656317564,-0.01276096,-0.008988676,0.027397095,-4.08E-12,0,0,-9.77E-15,0,0,-0.559176196,-1.11E-16
17,Rosettav3_B44_R,5,18,fa_talaris2014,-0.471689894,0,-0.163597679,5.42E-14,-0.061216363,0.656014801,-0.028196608,0.012045679,0.001909883,1.31E-10,0,0,2.86E-13,0,0,-0.054730181,-1.11E-16
18,Rosettav3_B44_R,5,19,fa_talaris2014,-0.541081399,-1.14E-13,-0.560403151,-2.13E-14,0.079272031,0.437079472,-0.573156659,0.005502078,-0.011381613,-3.68E-11,-7.11E-15,0,-3.63E-13,-7.11E-15,0,-1.164169243,-1.11E-16
19,Rosettav3_B44_R,5,20,fa_talaris2014,-0.747222279,0,-0.364533557,-3.11E-14,-0.024003639,0.603579277,0.008953749,0.005195449,0.002340505,4.46E-12,0,1.42E-14,2.24E-13,0,0,-0.515690495,-1.11E-16
20,Rosettav3_B44_R,5,21,fa_talaris2014,-0.989016325,0,-0.475079344,-8.88E-15,0.108740178,0.83572225,0.043872639,-0.000497957,0.028624592,8.55E-11,-7.11E-15,-1.42E-14,4.48E-13,0,0,-0.447633966,0
21,Rosettav3_B44_R,5,22,fa_talaris2014,0.921320293,1.14E-13,-0.138113317,-1.42E-14,-0.012684536,-0.83572313,0.042644364,-0.006617034,0.057142667,3.46E-11,0,0,-4.58E-13,0,0,0.027969306,-1.11E-16
22,Rosettav3_B44_R,5,23,fa_talaris2014,-0.787100673,0,-0.340918899,-2.84E-14,0.012710841,0.679517762,0.030444268,-0.008318231,0.034781341,4.56E-12,0,1.42E-14,3.49E-14,0,0,-0.378883592,0
23,Rosettav3_B44_R,5,24,fa_talaris2014,-0.164042551,0,-0.917418906,3.82E-14,0.101210473,0.196481142,-0.651401731,0.006697796,0.003286622,6.51E-11,7.11E-15,-1.42E-14,-1.53E-13,0,0,-1.425187156,1.11E-16
24,Rosettav3_B44_R,5,25,fa_talaris2014,-0.952631221,0,-0.460618733,-1.78E-14,0.036753756,0.902507727,0.040281091,-0.006259173,0.158990741,-8.38E-11,-7.11E-15,-1.42E-14,-1.11E-13,0,0,-0.280975813,-2.22E-16
25,Rosettav3_B44_R,5,26,fa_talaris2014,-0.725745446,0,-0.895974005,5.33E-15,0.129145063,0.60348902,-0.649212903,0.004768105,0.043192126,1.77E-12,-7.11E-15,1.42E-14,-7.55E-15,0,0,-1.49033804,5.55E-17
26,Rosettav3_B44_R,5,27,fa_talaris2014,0.211671776,1.14E-13,0.019131988,-2.22E-14,0.022674526,-0.21246547,-0.003023825,-0.004323834,0.001416842,6.66E-11,0,0,4.09E-14,0,0,0.035082004,1.11E-16
27,Rosettav3_B44_R,5,28,fa_talaris2014,0.109051062,0,-0.014525164,-5.33E-15,0.020050844,-0.061275582,-0.095616153,0.000614591,0.027531384,2.12E-11,0,-1.42E-14,1.40E-13,0,0,-0.014169017,0
28,Rosettav3_B44_R,5,29,fa_talaris2014,-0.716660851,0,-0.400194123,-2.22E-14,-0.007518004,0.611128408,0.035634877,0.000422135,0.064355303,6.06E-11,-7.11E-15,0,-1.28E-13,0,0,-0.412832256,5.55E-17
29,Rosettav3_B44_R,5,30,fa_talaris2014,0.604652189,-1.14E-13,-0.320595805,-4.62E-14,-0.024973446,-0.644602904,0.002682571,0.000228806,0.197753839,-5.38E-11,-7.11E-15,0,2.08E-13,0,0,-0.184854752,-2.22E-16
30,Rosettav3_B44_R,5,31,fa_talaris2014,-0.940144797,0,-0.302001163,3.55E-15,-0.092027386,0.846325517,0.101748279,0.006834633,0.101464498,9.49E-12,-7.11E-15,-1.42E-14,-9.66E-14,-7.11E-15,0,-0.27780042,0
31,Rosettav3_B44_R,5,32,fa_talaris2014,0.219836336,0,0.025697099,-2.84E-14,0.025864181,-0.146640383,-0.023065093,0.006302317,-0.090595267,1.45E-11,0,0,1.65E-13,0,0,0.01739919,1.11E-16
32,Rosettav3_B44_R,5,33,fa_talaris2014,-0.301434057,0,-1.075938078,-3.46E-14,0.105695717,0.41235699,-0.608046074,0.013961345,-0.123439629,1.52E-11,0,-1.42E-14,1.84E-14,0,0,-1.576843785,-5.55E-17
33,Rosettav3_B44_R,5,34,fa_talaris2014,0.750949586,0,-0.163322954,-2.49E-14,0.017081072,-0.593509984,0.080922108,0.014728846,-0.03593721,-1.13E-10,0,1.42E-14,-8.19E-14,0,0,0.070911465,0
34,Rosettav3_B44_R,5,35,fa_talaris2014,0.217094826,0,-0.094301607,-2.13E-14,0.017853248,-0.197503013,0.062549588,0.003080231,0.036238203,-2.57E-11,-7.11E-15,-1.42E-14,-7.97E-14,0,0,0.045011476,0
0,Rosettav3_B54_E,5,1,fa_talaris2014,-0.134928848,0,-2.235051514,1.87E-14,0.179428503,1.232582844,0.020428218,-0.003411365,-0.553561283,-1.51E-10,0,0,-1.01E-13,0,0,-1.494513446,0
1,Rosettav3_B54_E,5,2,fa_talaris2014,-0.543310505,0,-1.151604312,-1.15E-14,0.140231636,1.218889408,0.024634385,0.001772439,0.304882599,1.10E-10,0,-1.42E-14,-5.37E-13,0,0,-0.004504349,2.22E-16
2,Rosettav3_B54_E,5,3,fa_talaris2014,0.550477305,0,-0.169592763,8.88E-15,-0.189687675,-0.375736165,-0.014540992,0.009082413,-0.219582987,5.29E-11,0,0,2.26E-13,-7.11E-15,0,-0.409580863,0
3,Rosettav3_B54_E,5,4,fa_talaris2014,-0.042565212,0,0.006818333,-1.78E-15,-0.099663248,0.20574371,-0.071841585,-0.000461326,0.003546854,1.64E-11,7.11E-15,0,-8.44E-15,0,0,0.001577526,-1.11E-16
4,Rosettav3_B54_E,5,5,fa_talaris2014,-1.153282603,-1.14E-13,-0.253616361,-3.29E-14,-0.069204633,1.642042549,0.026389418,-0.008890307,0.004917864,1.70E-10,-7.11E-15,1.42E-14,-3.86E-14,0,0,0.188355928,0
5,Rosettav3_B54_E,5,6,fa_talaris2014,-1.058268273,0,-0.329766075,3.91E-14,-0.250576403,1.421637398,-0.02552111,0.001244174,0.033455626,3.46E-11,7.11E-15,0,-4.34E-13,0,0,-0.207794663,-5.55E-17
6,Rosettav3_B54_E,5,7,fa_talaris2014,-0.300437276,0,-0.130064845,-1.78E-15,-0.29898998,0.751771878,-0.03879534,-0.012692508,-0.013366974,-1.73E-11,0,-1.42E-14,2.86E-13,0,0,-0.042575045,0
7,Rosettav3_B54_E,5,8,fa_talaris2014,-0.613527686,-1.14E-13,-0.43147103,-6.31E-14,-0.186803915,1.077737157,-0.037837104,0.031169236,0.016568116,1.48E-10,0,0,-5.08E-14,7.11E-15,0,-0.144165226,-5.55E-17
8,Rosettav3_B54_E,5,9,fa_talaris2014,-0.273090016,-1.14E-13,-0.070263761,7.11E-15,-0.117968114,0.478113224,-0.004446149,-0.000681267,-0.002072574,7.85E-11,0,0,-1.35E-13,-7.11E-15,0,0.009591342,0
9,Rosettav3_B54_E,5,10,fa_talaris2014,-0.105096783,1.14E-13,-0.145881442,-4.44E-14,0.091854639,0.283811961,0.037975102,-0.003538274,0.037598348,8.32E-11,-7.11E-15,0,-2.91E-13,0,0,0.196723551,0
10,Rosettav3_B54_E,5,11,fa_talaris2014,-0.395556998,1.14E-13,-0.031549816,7.99E-15,0.087590534,0.98702346,0.008791468,-0.009697766,0.024350715,-1.13E-10,7.11E-15,0,-7.79E-13,0,0,0.670951597,5.55E-17
11,Rosettav3_B54_E,5,12,fa_talaris2014,-0.499533643,0,-0.250306893,-6.57E-14,0.013325765,0.952169646,0.051598037,0.035745507,-0.011876508,1.12E-10,0,0,1.84E-14,0,0,0.291121912,0
12,Rosettav3_B54_E,5,13,fa_talaris2014,-0.804804865,0,-0.03297902,-8.88E-15,-0.021676763,1.301188509,-0.037024123,0.005957541,0.001460646,-1.13E-10,0,-1.42E-14,1.51E-13,0,0,0.412121925,0
13,Rosettav3_B54_E,5,14,fa_talaris2014,-1.219014177,0,-0.441500246,3.38E-14,0.007284096,1.691349876,-0.100404145,-9.66E-05,0.014862463,8.97E-11,-7.11E-15,-1.42E-14,4.20E-13,0,0,-0.047518701,0
14,Rosettav3_B54_E,5,15,fa_talaris2014,-0.106944909,0,-0.801408776,-7.02E-14,0.103026638,0.356206714,0.025017381,0.011245945,0.003288028,9.29E-11,7.11E-15,0,8.44E-15,0,0,-0.409568977,-5.55E-17
15,Rosettav3_B54_E,5,16,fa_talaris2014,-0.27779442,0,0.237930375,8.88E-15,-0.127495916,0.670440071,0.010192031,0.008238807,-0.011597584,7.16E-11,7.11E-15,1.42E-14,-1.70E-13,0,0,0.509913365,0
16,Rosettav3_B54_E,5,17,fa_talaris2014,-0.294690786,0,-0.095956598,-3.55E-14,0.00118347,0.184502217,0.010181126,-0.001731981,-0.008512821,-6.41E-11,0,-1.42E-14,1.80E-13,0,0,-0.205025372,0
17,Rosettav3_B54_E,5,18,fa_talaris2014,0.220346186,0,-0.407560241,1.87E-14,0.223983043,0.033779942,-1.283627858,0.000497836,-0.04176973,2.30E-11,0,0,-4.71E-13,0,0,-1.254350822,0
18,Rosettav3_B54_E,5,19,fa_talaris2014,-1.856558026,0,-0.863296464,-9.41E-14,0.118788865,2.459751331,0.006737368,0.017044656,-0.731988034,-1.10E-10,0,0,2.65E-13,0,0,-0.849520305,0
19,Rosettav3_B54_E,5,20,fa_talaris2014,-0.580392647,-1.14E-13,-0.62859185,-1.87E-14,0.020110445,1.177836775,-0.019648553,0.001757688,-0.003886203,-1.14E-13,0,0,2.16E-13,0,0,-0.032814346,5.55E-17
20,Rosettav3_B54_E,5,21,fa_talaris2014,-0.351020596,0,-0.54807583,2.58E-14,0.011411805,0.751111695,-0.008948887,-0.013832942,-0.02439338,-1.76E-10,-7.11E-15,-1.42E-14,-7.99E-15,0,0,-0.183748136,0
21,Rosettav3_B54_E,5,22,fa_talaris2014,-0.643660808,0,0.238531156,-1.78E-15,-0.186683637,1.135753092,0.00034078,0.00977829,0.052014101,3.38E-11,0,-1.42E-14,-2.01E-13,0,0,0.606072975,-5.55E-17
22,Rosettav3_B54_E,5,23,fa_talaris2014,-0.966218699,-1.14E-13,-0.830708814,-3.64E-14,-0.158331583,1.388748798,-0.050034206,0.028024029,0.044300577,5.42E-11,0,1.42E-14,1.83E-13,0,0,-0.544219898,5.55E-17
23,Rosettav3_B54_E,5,24,fa_talaris2014,-0.737699336,0,-0.446445723,3.73E-14,0.02064379,1.251696167,0.046955302,0.010231384,-0.002564851,-7.73E-11,0,0,5.63E-13,0,0,0.142816733,0
24,Rosettav3_B54_E,5,25,fa_talaris2014,-0.184645376,0,-0.191689143,3.38E-14,0.070383676,0.315649597,-0.018840662,-0.006519093,0.024307439,5.36E-11,0,1.42E-14,-3.26E-14,7.11E-15,0,0.008646439,0
25,Rosettav3_B54_E,5,26,fa_talaris2014,-1.235394526,0,-0.486769834,4.53E-14,0.038191118,1.626960277,-0.006008825,0.021721417,0.036202091,-1.84E-12,0,0,3.16E-13,0,0,-0.005098281,5.55E-17
26,Rosettav3_B54_E,5,27,fa_talaris2014,0.166394238,0,0.147176495,-3.55E-14,-0.186129618,-0.023145523,-0.034992663,0.009511698,0.059855033,5.85E-11,0,0,5.26E-14,0,0,0.13866966,-1.11E-16
27,Rosettav3_B54_E,5,28,fa_talaris2014,-0.345612345,1.14E-13,-0.99328258,-1.07E-14,0.035266334,1.058262062,-0.014547761,-0.004801236,0.295045738,8.63E-11,0,-1.42E-14,4.10E-13,7.11E-15,0,0.030330212,2.22E-16
28,Rosettav3_B54_E,5,29,fa_talaris2014,-0.87368244,0,0.159171649,2.84E-14,0.063153791,1.258098572,-0.011367702,0.01306664,-0.024392381,-3.83E-11,0,0,3.55E-13,0,0,0.584048129,2.22E-16
29,Rosettav3_B54_E,5,30,fa_talaris2014,-0.176427898,0,-0.035698952,2.22E-14,0.002367773,0.253407232,-0.025911118,0.003755525,-0.015264972,1.82E-11,-7.11E-15,-1.42E-14,7.51E-14,0,0,0.006227589,1.11E-16
30,Rosettav3_B54_E,5,31,fa_talaris2014,-0.891561109,-1.14E-13,-0.442296418,-8.88E-15,0.023810282,1.265820054,-0.052330922,0.008098811,-0.017869435,8.84E-11,-7.11E-15,1.42E-14,5.22E-13,0,0,-0.106328737,-5.55E-17
31,Rosettav3_B54_E,5,32,fa_talaris2014,-0.206639622,0,-0.737246911,2.04E-14,-0.137698395,0.550627519,-0.006515012,0.03339028,0.024329299,-3.37E-11,-7.11E-15,1.42E-14,3.00E-14,0,0,-0.479752841,-2.22E-16
32,Rosettav3_B54_E,5,33,fa_talaris2014,-0.559446308,0,-0.646691281,-1.33E-14,0.091830558,1.074631169,0.009968563,0.005943303,0.021250011,1.65E-10,0,-1.42E-14,2.13E-13,0,0,-0.002513985,1.11E-16
33,Rosettav3_B54_E,5,34,fa_talaris2014,-0.115963205,0,-0.02404932,4.09E-14,0.006265993,0.332234718,0.022885422,-0.00495708,0.004184447,8.50E-11,0,1.42E-14,1.13E-14,0,0,0.220600974,0
34,Rosettav3_B54_E,5,35,fa_talaris2014,0.356770916,-1.14E-13,-0.614123132,-1.87E-14,0.225024188,0.564685395,0.02756208,-0.020413907,0.049703363,6.27E-11,0,0,7.47E-13,0,0,0.589208902,5.55E-17
0,Rosettav3_B98_W,5,1,fa_talaris2014,-3.646334902,0,0.445094161,5.33E-15,0.964457496,0.161170521,1.474975668,-0.022970904,0.659568852,7.40E-11,0,0,-2.14E-13,0,1.78E-15,0.035960892,0
1,Rosettav3_B98_W,5,2,fa_talaris2014,-1.920970141,0,3.726125348,2.22E-14,0.692791522,-2.975583229,1.27255491,-0.043389434,1.854238795,-6.35E-11,0,-1.42E-14,-2.82E-14,7.11E-15,1.78E-15,2.605767772,0
2,Rosettav3_B98_W,5,3,fa_talaris2014,-2.026967106,1.14E-13,1.928666306,4.53E-14,1.123557726,-3.489439271,1.163569067,0.002047137,2.066269545,-1.99E-11,0,1.42E-14,-2.70E-13,0,1.78E-15,0.767703404,0
3,Rosettav3_B98_W,5,4,fa_talaris2014,-1.773000738,1.14E-13,2.20568843,5.15E-14,0.98669057,-3.495743682,1.503014822,0.006865981,1.519766199,3.94E-11,-7.11E-15,1.42E-14,-1.63E-13,0,1.78E-15,0.953281583,1.11E-16
4,Rosettav3_B98_W,5,5,fa_talaris2014,-2.798117588,0,3.510955182,1.24E-14,0.550842627,-2.45055843,2.520241623,-0.016705881,1.326004443,-5.34E-12,0,1.42E-14,-2.13E-14,0,1.78E-15,2.642661976,-1.11E-16
5,Rosettav3_B98_W,5,6,fa_talaris2014,-7.516540197,0,-0.073466025,-4.80E-14,1.779365003,1.461016564,1.068048678,-0.000497879,0.601726051,-1.31E-10,0,0,6.53E-14,0,1.78E-15,-2.680347804,-1.11E-16
6,Rosettav3_B98_W,5,7,fa_talaris2014,-3.431567648,0,1.628297642,4.35E-14,0.991961874,-0.248118674,2.850895127,-0.013126717,0.691950501,2.36E-11,-7.11E-15,-1.42E-14,-3.56E-13,0,1.78E-15,2.470292105,-5.55E-17
7,Rosettav3_B98_W,5,8,fa_talaris2014,-5.463862581,0,0.283863694,1.87E-14,1.935954669,0.833350284,0.995909123,-0.017176697,0.620120553,-7.57E-12,-7.11E-15,0,2.75E-13,0,1.78E-15,-0.811840955,0
8,Rosettav3_B98_W,5,9,fa_talaris2014,-5.728796881,0,0.296947712,2.75E-14,1.668830565,0.725874535,1.267996205,-0.017137598,0.549827518,1.16E-10,-7.11E-15,0,-7.04E-14,0,1.78E-15,-1.236457945,0
9,Rosettav3_B98_W,5,10,fa_talaris2014,-5.942126141,0,0.863303781,5.33E-15,1.495627975,1.167009032,2.691750229,-0.002597517,0.677129107,1.83E-11,-7.11E-15,0,-7.77E-15,0,1.78E-15,0.950096466,0
10,Rosettav3_B98_W,5,11,fa_talaris2014,-2.880156089,0,0.57453011,-9.77E-15,1.21433513,0.03747645,1.629162649,-0.00360359,0.015878939,5.42E-11,0,0,3.02E-14,0,1.78E-15,0.587623598,0
11,Rosettav3_B98_W,5,12,fa_talaris2014,-5.061793308,0,3.116419351,-4.71E-14,1.949108711,-2.094692706,0.570415139,0.008478327,1.742400311,-8.88E-11,0,1.42E-14,1.31E-13,0,1.78E-15,0.230335824,0
12,Rosettav3_B98_W,5,13,fa_talaris2014,-3.722664207,0,0.529698379,-7.99E-15,1.232877981,0.407091109,1.430838855,0.003421921,0.540595169,6.64E-12,-7.11E-15,0,-3.04E-14,0,1.78E-15,0.421859206,0
13,Rosettav3_B98_W,5,14,fa_talaris2014,-2.432632758,1.14E-13,3.154616351,1.78E-14,0.578916032,-3.12979384,1.335340663,0.004949594,1.835800096,-5.93E-12,0,-1.42E-14,3.95E-13,-7.11E-15,1.78E-15,1.347196139,1.11E-16
14,Rosettav3_B98_W,5,15,fa_talaris2014,-4.223611168,0,0.150011274,1.78E-14,1.394968761,0.437733976,1.617308928,0.004459783,0.513469156,1.73E-11,-7.11E-15,-1.42E-14,7.46E-14,0,1.78E-15,-0.105659289,0
15,Rosettav3_B98_W,5,16,fa_talaris2014,-4.556845961,-1.14E-13,0.367444921,3.55E-15,1.411065668,0.964471243,1.370323859,-0.003817306,0.361189662,5.98E-11,7.11E-15,0,-9.93E-14,0,1.78E-15,-0.086167914,-5.55E-17
16,Rosettav3_B98_W,5,17,fa_talaris2014,-5.601881873,0,0.51817047,2.66E-14,1.541927271,1.659717477,1.50025285,-0.013419217,0.417942978,-8.64E-11,0,1.42E-14,2.33E-13,7.11E-15,1.78E-15,0.022709956,0
17,Rosettav3_B98_W,5,18,fa_talaris2014,-6.319771403,0,0.68921671,-8.88E-15,2.059837927,1.735542841,1.211475432,-0.009098443,0.579814987,7.45E-11,7.11E-15,0,-4.66E-15,-7.11E-15,1.78E-15,-0.052981948,0
18,Rosettav3_B98_W,5,19,fa_talaris2014,-9.058345998,0,-0.481304527,4.71E-14,1.464891252,2.933039993,1.218164967,-0.030545586,-0.460574485,-4.18E-11,7.11E-15,-1.42E-14,3.38E-14,0,1.78E-15,-4.414674384,0
19,Rosettav3_B98_W,5,20,fa_talaris2014,-7.065163535,0,0.778583956,1.07E-14,1.227358058,1.617249933,2.055839835,-0.022741349,0.381145975,8.30E-11,7.11E-15,1.42E-14,2.86E-13,7.11E-15,1.78E-15,-1.027727127,-5.55E-17
20,Rosettav3_B98_W,5,21,fa_talaris2014,-3.586324726,0,2.162420019,-2.49E-14,1.256011675,-2.029914477,1.517516603,-0.046978144,1.874301171,4.96E-11,-7.11E-15,1.42E-14,-1.75E-13,7.11E-15,1.78E-15,1.147032121,0
21,Rosettav3_B98_W,5,22,fa_talaris2014,-4.048104537,0,0.138614496,4.35E-14,0.728188498,0.287633466,1.551422153,-0.031556261,0.548876925,3.98E-11,7.11E-15,-1.42E-14,7.13E-14,0,1.78E-15,-0.82492526,1.11E-16
22,Rosettav3_B98_W,5,23,fa_talaris2014,-2.974871723,0,0.421985385,1.95E-14,2.387536039,0.384309647,2.717018303,0.000151669,0.61212841,-4.22E-11,7.11E-15,0,3.77E-13,0,1.78E-15,3.54825773,0
23,Rosettav3_B98_W,5,24,fa_talaris2014,-4.988831962,0,1.084882288,-7.11E-15,1.845962924,0.789852784,2.67495356,0.046650439,0.470745176,1.57E-11,7.11E-15,-1.42E-14,-2.26E-13,0,1.78E-15,1.924215209,0
24,Rosettav3_B98_W,5,25,fa_talaris2014,-6.687797221,0,-0.303542134,5.33E-15,1.333412683,2.067195833,1.011193542,0.00118521,0.528333472,2.91E-11,0,0,2.61E-13,0,1.78E-15,-2.050018614,0
25,Rosettav3_B98_W,5,26,fa_talaris2014,-3.603545188,0,1.225627698,2.75E-14,1.712123095,-0.750898946,2.509268055,0.006797955,0.464246832,-1.07E-11,0,0,-7.19E-14,7.11E-15,1.78E-15,1.5636195,5.55E-17
26,Rosettav3_B98_W,5,27,fa_talaris2014,-4.238061309,0,0.101299732,3.55E-15,1.094429749,0.373942167,1.658866037,0.00244224,0.541887243,6.79E-12,-7.11E-15,-1.42E-14,-1.11E-13,0,1.78E-15,-0.465194142,5.55E-17
27,Rosettav3_B98_W,5,28,fa_talaris2014,-3.141639513,0,0.009571579,-1.15E-14,1.910925148,-0.48779964,1.698084453,0.007255827,0.603759512,1.86E-11,0,0,1.20E-13,0,1.78E-15,0.600157366,0
28,Rosettav3_B98_W,5,29,fa_talaris2014,-6.569707042,0,0.063978763,5.33E-14,1.797446158,1.552561223,1.188506326,0.046153666,0.598968585,3.81E-11,-7.11E-15,0,-1.42E-13,-7.11E-15,1.78E-15,-1.322092322,5.55E-17
29,Rosettav3_B98_W,5,30,fa_talaris2014,-7.47546399,0,0.038816766,6.22E-15,2.12052018,1.240514846,1.240594845,0.047331338,0.575074393,-5.76E-11,0,-1.42E-14,1.79E-13,0,1.78E-15,-2.212611621,0
30,Rosettav3_B98_W,5,31,fa_talaris2014,-3.891235054,0,0.771077865,7.11E-15,1.993508968,0.247155962,1.368834573,0.003288231,0.410385221,-1.28E-11,-7.11E-15,-1.42E-14,1.27E-13,0,1.78E-15,0.903015765,0
31,Rosettav3_B98_W,5,32,fa_talaris2014,-1.957402157,0,0.105611987,6.57E-14,1.464174725,-0.802235084,1.725752555,0.004880674,0.478868428,1.35E-10,0,0,-2.40E-14,7.11E-15,1.78E-15,1.019651127,-1.11E-16
32,Rosettav3_B98_W,5,33,fa_talaris2014,-6.057768005,0,0.103708793,-2.31E-14,1.67601253,1.273888734,1.113294144,-0.009921876,0.733921332,9.16E-11,-7.11E-15,1.42E-14,-2.61E-13,0,1.78E-15,-1.166864348,0
33,Rosettav3_B98_W,5,34,fa_talaris2014,-4.014556371,0,-0.066138896,6.22E-15,0.777701807,-0.253996364,1.310903243,0.013865814,0.579312065,-3.73E-11,7.11E-15,-1.42E-14,-1.31E-13,7.11E-15,1.78E-15,-1.652908703,0
34,Rosettav3_B98_W,5,35,fa_talaris2014,-6.685427207,0,0.255671715,-3.64E-14,1.645600318,1.814226098,1.144236988,0.019588546,0.530363542,-1.49E-11,0,0,-1.69E-13,-7.11E-15,1.78E-15,-1.27574,0
0,Rosettav3_B99_R,5,1,fa_talaris2014,-5.163864879,0,-0.664618946,8.88E-15,0.970980895,4.09350073,1.08977534,0.031474905,0.232509455,6.71E-11,0,-1.42E-14,-1.93E-14,0,1.78E-15,0.589757501,0
1,Rosettav3_B99_R,5,2,fa_talaris2014,-6.025058664,0,-0.9469564,6.22E-14,0.511136698,4.848271636,0.632536242,-0.002140802,-0.939121485,3.77E-11,-7.11E-15,1.42E-14,-2.30E-13,0,1.78E-15,-1.921332775,0
2,Rosettav3_B99_R,5,3,fa_talaris2014,-3.624772912,1.14E-13,0.152428441,-3.55E-15,0.094854002,1.660929179,1.28000285,-0.016607889,0.454208459,6.87E-11,0,1.42E-14,1.81E-13,-7.11E-15,1.78E-15,0.00104213,-1.11E-16
3,Rosettav3_B99_R,5,4,fa_talaris2014,-2.58355857,0,1.086854901,5.51E-14,-0.529701766,1.560487342,2.055807392,-0.137405142,0.03508141,-9.31E-12,0,-1.42E-14,-2.33E-14,7.11E-15,1.78E-15,1.487565567,-2.22E-16
4,Rosettav3_B99_R,5,5,fa_talaris2014,-5.625008448,0,0.478348842,1.78E-14,0.350281705,4.234001895,1.772641394,0.008787933,-0.344196266,2.35E-11,0,-1.42E-14,1.57E-13,0,1.78E-15,0.874857055,0
5,Rosettav3_B99_R,5,6,fa_talaris2014,-4.699412696,0,-0.487423151,1.87E-14,1.744825934,3.27040982,0.866346553,0.071361959,0.141311138,-1.08E-11,7.11E-15,0,-1.69E-14,-7.11E-15,1.78E-15,0.907419557,0
6,Rosettav3_B99_R,5,7,fa_talaris2014,-5.21272996,0,-1.705949293,-8.88E-15,0.237263783,3.282043118,0.473755832,-0.006140131,-1.284768905,3.52E-11,7.11E-15,0,1.62E-14,0,1.78E-15,-4.216525555,0
7,Rosettav3_B99_R,5,8,fa_talaris2014,-6.827325135,0,-1.151881888,1.15E-14,1.07916798,5.027972048,0.040180433,-0.041051646,-0.819833322,3.55E-12,7.11E-15,1.42E-14,-1.79E-13,0,1.78E-15,-2.69277153,1.11E-16
8,Rosettav3_B99_R,5,9,fa_talaris2014,-5.775353528,1.14E-13,-0.558367094,7.11E-15,0.688455381,5.076895409,0.041023595,0.01669989,-0.587168096,-1.28E-10,-7.11E-15,0,-5.28E-14,0,1.78E-15,-1.097814443,5.55E-17
9,Rosettav3_B99_R,5,10,fa_talaris2014,-4.265496946,0,0.80149607,-2.04E-14,0.920588397,2.757600044,0.941008542,-0.000931087,-0.319614896,1.09E-11,0,0,-2.84E-14,0,1.78E-15,0.834650124,-5.55E-17
10,Rosettav3_B99_R,5,11,fa_talaris2014,-3.633345787,1.14E-13,0.068417322,1.78E-15,0.682298967,2.334448371,1.192608803,0.032141713,-0.021534133,1.08E-11,7.11E-15,0,1.34E-13,7.11E-15,1.78E-15,0.655035257,-5.55E-17
11,Rosettav3_B99_R,5,12,fa_talaris2014,-2.567383556,0,1.602188684,0,0.219298383,0.583858881,-0.232480412,-0.043690695,0.456882417,-5.58E-11,-7.11E-15,1.42E-14,1.26E-13,0,1.78E-15,0.018673702,0
12,Rosettav3_B99_R,5,13,fa_talaris2014,-3.622100081,0,0.162649098,1.60E-14,0.083019444,2.792165251,1.476250644,-0.074137957,-0.595397142,-6.37E-11,0,1.42E-14,1.37E-13,0,1.78E-15,0.222449257,0
13,Rosettav3_B99_R,5,14,fa_talaris2014,-5.539848928,0,-0.16345865,-1.51E-14,0.651035746,4.492423588,1.779441677,0.014496853,-0.53171756,-4.17E-11,0,0,4.97E-14,0,1.78E-15,0.702372726,5.55E-17
14,Rosettav3_B99_R,5,15,fa_talaris2014,-4.268365113,0,-0.189988687,4.62E-14,0.333260963,2.206120804,1.59163068,0.048571279,-0.501995018,-1.67E-10,-7.11E-15,0,-6.06E-14,0,1.78E-15,-0.780765093,0
15,Rosettav3_B99_R,5,16,fa_talaris2014,-4.490418261,0,1.385333745,4.44E-15,0.50106426,2.833219336,1.122904172,0.030554636,0.704004786,-5.67E-11,0,1.42E-14,3.13E-14,-7.11E-15,1.78E-15,2.086662673,-1.11E-16
16,Rosettav3_B99_R,5,17,fa_talaris2014,-4.154038036,0,0.758588256,-5.24E-14,-0.049920069,2.224754691,1.124616647,-0.011517827,-0.599544082,-1.05E-10,0,1.42E-14,4.15E-13,-7.11E-15,1.78E-15,-0.70706042,0
17,Rosettav3_B99_R,5,18,fa_talaris2014,-5.691377841,0,-0.502744087,-1.33E-14,0.328360528,4.082034984,1.565222411,-0.063739339,0.039868364,1.03E-10,7.11E-15,-1.42E-14,1.48E-13,0,1.78E-15,-0.24237498,1.11E-16
18,Rosettav3_B99_R,5,19,fa_talaris2014,-5.652126244,0,0.475644853,1.87E-14,0.648179169,4.775953755,1.083625447,0.032555068,0.05404867,6.53E-11,7.11E-15,0,2.10E-13,0,1.78E-15,1.417880718,5.55E-17
19,Rosettav3_B99_R,5,20,fa_talaris2014,-6.260568206,1.14E-13,-0.635536692,3.46E-14,0.963413014,5.282224765,1.11376669,0.070343091,-0.432895331,8.86E-11,0,0,-1.76E-13,0,1.78E-15,0.100747331,-1.11E-16
20,Rosettav3_B99_R,5,21,fa_talaris2014,-3.031066362,1.14E-13,3.345262395,1.87E-14,0.619150394,0.648341514,0.734538214,0.028273797,1.310063999,2.67E-11,7.11E-15,0,2.20E-13,-7.11E-15,1.78E-15,3.654563951,5.55E-17
21,Rosettav3_B99_R,5,22,fa_talaris2014,-5.871437165,1.14E-13,-0.614538997,-7.11E-15,0.859774965,4.409864947,0.896831029,0.026032145,-0.9507397,-1.18E-10,0,0,-2.51E-13,0,1.78E-15,-1.244212775,5.55E-17
22,Rosettav3_B99_R,5,23,fa_talaris2014,-5.702977175,0,-0.722610684,-5.95E-14,0.721449588,4.515747611,-0.183676754,0.04596069,-0.454369264,2.44E-11,-7.11E-15,1.42E-14,1.98E-13,0,1.78E-15,-1.780475988,2.22E-16
23,Rosettav3_B99_R,5,24,fa_talaris2014,-5.112802191,0,0.217557869,-1.87E-14,0.68667902,3.402891797,0.876234617,-0.027328286,-0.033258097,1.90E-11,0,0,-1.43E-13,0,1.78E-15,0.009974728,2.22E-16
24,Rosettav3_B99_R,5,25,fa_talaris2014,-4.681308983,0,0.592872027,-5.33E-15,0.404326448,2.578479531,1.383492127,0.001836125,-0.14476863,9.76E-11,-7.11E-15,0,-1.91E-13,0,1.78E-15,0.134928644,0
25,Rosettav3_B99_R,5,26,fa_talaris2014,-5.324030595,0,0.246317122,-1.15E-14,0.144958248,3.699544998,0.832061281,0.06610657,-0.139324527,-2.38E-11,0,-1.42E-14,-9.44E-14,7.11E-15,1.78E-15,-0.474366903,-5.55E-17
26,Rosettav3_B99_R,5,27,fa_talaris2014,-5.608406618,-1.14E-13,-2.059490834,-1.24E-14,0.22539146,3.715698408,1.485491681,0.016496755,-0.777439338,-9.95E-11,-7.11E-15,0,-1.45E-13,0,1.78E-15,-3.002258487,1.11E-16
27,Rosettav3_B99_R,5,28,fa_talaris2014,-4.937073877,0,0.443808699,-4.62E-14,0.190987994,3.274423277,1.789634314,0.022691302,-0.123785679,-9.14E-11,0,1.42E-14,-2.17E-13,0,1.78E-15,0.66068603,-5.55E-17
28,Rosettav3_B99_R,5,29,fa_talaris2014,-7.289755574,0,-1.451551182,2.84E-14,0.216404229,5.131781083,0.885050985,0.011788645,-0.784115259,3.38E-12,0,0,-9.41E-14,-7.11E-15,1.78E-15,-3.280397073,-5.55E-17
29,Rosettav3_B99_R,5,30,fa_talaris2014,-1.338611428,0,2.919297726,-4.71E-14,-0.050751313,-1.509521729,1.351103839,0.004507824,1.345289919,-3.94E-11,-7.11E-15,1.42E-14,-6.39E-14,-7.11E-15,1.78E-15,2.721314837,0
30,Rosettav3_B99_R,5,31,fa_talaris2014,-4.665545452,0,1.449126728,-4.71E-14,0.083753771,4.064280804,2.389313732,-0.048232307,-0.765002398,-2.09E-11,0,0,2.20E-13,0,1.78E-15,2.507694878,0
31,Rosettav3_B99_R,5,32,fa_talaris2014,-3.660290447,0,2.897735416,-1.78E-14,0.1773176,1.407467573,0.856674334,0.020738444,0.319235361,-3.97E-11,-7.11E-15,0,-2.36E-13,0,1.78E-15,2.01887828,-1.11E-16
32,Rosettav3_B99_R,5,33,fa_talaris2014,-5.682394029,-1.14E-13,-0.356738848,-8.08E-14,0.779355529,4.849450772,0.763099585,0.013102484,-0.646567683,-8.14E-11,7.11E-15,0,-2.44E-14,0,1.78E-15,-0.28069219,0
33,Rosettav3_B99_R,5,34,fa_talaris2014,-5.567687937,0,0.428390764,3.64E-14,0.84035342,4.375486226,0.712959164,-0.053861654,-0.254759633,-1.20E-10,7.11E-15,0,1.58E-13,-7.11E-15,1.78E-15,0.48088035,0
34,Rosettav3_B99_R,5,35,fa_talaris2014,-6.291642078,0,-0.420865378,-4.35E-14,0.657895739,5.113803169,1.132722947,-0.006924514,-0.82289967,-1.88E-12,0,1.42E-14,2.91E-13,7.11E-15,1.78E-15,-0.637909785,5.55E-17
0,Rosettav3_B102_R,5,1,fa_talaris2014,-6.740909577,1.14E-13,-2.163691042,-2.13E-14,0.531192489,7.131834171,0.313374757,0.08542483,0.341658999,2.02E-11,0,1.42E-14,3.41E-13,0,-1.78E-15,-0.501115373,0
1,Rosettav3_B102_R,5,2,fa_talaris2014,-6.090676574,0,-2.556842583,2.58E-14,0.480090419,5.895339712,0.49779787,-0.16221673,-1.991423865,2.39E-12,7.11E-15,1.42E-14,6.93E-14,0,-1.78E-15,-3.927931752,0
2,Rosettav3_B102_R,5,3,fa_talaris2014,-5.448277193,0,-1.676384303,4.71E-14,0.05922483,5.724193503,-0.316291472,0.053265234,0.120408388,3.96E-11,7.11E-15,0,1.40E-14,0,-1.78E-15,-1.483861012,-5.55E-17
3,Rosettav3_B102_R,5,4,fa_talaris2014,-4.820895001,0,-1.742926587,2.31E-14,0.542882536,3.813440957,0.41371374,-0.042911029,0.096535675,6.59E-12,0,0,-3.31E-13,0,-1.78E-15,-1.740159709,2.22E-16
4,Rosettav3_B102_R,5,5,fa_talaris2014,-4.428488506,1.14E-13,-0.458828926,-5.33E-15,0.384030743,3.571878308,1.574863852,-0.009028524,0.077906297,1.42E-11,7.11E-15,0,-1.35E-13,0,-1.78E-15,0.712333244,-2.22E-16
5,Rosettav3_B102_R,5,6,fa_talaris2014,-4.823340894,-1.14E-13,0.331240351,4.44E-14,0.100305691,5.142732432,0.895648738,0.017058475,-0.464606589,-3.12E-11,0,-1.42E-14,3.46E-13,0,-1.78E-15,1.199038204,1.11E-16
6,Rosettav3_B102_R,5,7,fa_talaris2014,-6.523786273,0,-0.988318926,-7.99E-15,0.01635813,7.060532526,0.435536791,0.004427731,-1.614166405,-6.79E-11,-7.11E-15,-1.42E-14,2.56E-13,0,-1.78E-15,-1.609416425,1.11E-16
7,Rosettav3_B102_R,5,8,fa_talaris2014,-4.402804101,1.14E-13,-1.509042517,-4.62E-14,0.32817642,3.623181573,1.640803013,0.025277619,0.475670916,4.55E-11,0,1.42E-14,-2.35E-13,0,-1.78E-15,0.181262925,-5.55E-17
8,Rosettav3_B102_R,5,9,fa_talaris2014,-5.082093925,0,-1.233996968,6.57E-14,0.425763377,4.328444298,0.84904965,0.280274444,0.037998003,1.96E-11,-7.11E-15,0,-1.43E-13,0,-1.78E-15,-0.394561121,-5.55E-17
9,Rosettav3_B102_R,5,10,fa_talaris2014,-3.059978549,0,1.78042196,2.31E-14,0.254899874,1.156837933,0.438809113,-0.159569987,1.562608183,2.16E-11,0,1.42E-14,1.17E-13,0,-1.78E-15,1.974028528,5.55E-17
10,Rosettav3_B102_R,5,11,fa_talaris2014,-5.263482521,0,-1.074687427,-7.11E-15,0.074729855,5.891079754,0.3473685,-0.12158823,-1.097698555,7.20E-12,7.11E-15,0,-2.42E-13,0,-1.78E-15,-1.244278623,0
11,Rosettav3_B102_R,5,12,fa_talaris2014,-1.967081472,0,2.125172957,-5.33E-14,0.111148125,-0.084226448,0.500504795,-0.082124914,1.361442272,-1.26E-10,0,0,4.12E-13,0,-1.78E-15,1.964835316,0
12,Rosettav3_B102_R,5,13,fa_talaris2014,-6.402751195,0,-1.370351774,5.33E-15,0.543328741,5.705014173,0.226033193,0.043976061,0.1469782,2.15E-11,7.11E-15,-1.42E-14,-1.11E-13,0,-1.78E-15,-1.107772602,5.55E-17
13,Rosettav3_B102_R,5,14,fa_talaris2014,-2.187464683,1.14E-13,1.377564723,-9.06E-14,0.019928915,0.102649491,0.359501406,-0.076355338,1.303736544,3.62E-11,-7.11E-15,-1.42E-14,3.19E-13,7.11E-15,-1.78E-15,0.899561059,0
14,Rosettav3_B102_R,5,15,fa_talaris2014,-2.299059446,0,1.599363558,-4.71E-14,0.09930872,0.221972667,0.633527416,0.002538466,1.407636054,5.87E-12,7.11E-15,0,3.43E-13,0,-1.78E-15,1.665287433,-1.11E-16
15,Rosettav3_B102_R,5,16,fa_talaris2014,-6.418104348,0,-1.746288869,-1.87E-14,0.542179701,6.467783873,0.362036482,0.028652825,-0.456408347,1.16E-11,0,0,2.22E-16,7.11E-15,-1.78E-15,-1.220148684,-1.11E-16
16,Rosettav3_B102_R,5,17,fa_talaris2014,-7.595325143,0,-1.751589279,-1.78E-15,1.103347773,7.121728686,0.226159238,0.118803669,0.088645508,-3.63E-11,0,-1.42E-14,1.78E-13,-7.11E-15,-1.78E-15,-0.688229549,0
17,Rosettav3_B102_R,5,18,fa_talaris2014,-7.079256007,0,-1.453102196,3.82E-14,0.506053438,6.850962283,-0.614739434,0.056324142,0.089723427,-1.06E-11,7.11E-15,-1.42E-14,-9.86E-14,-7.11E-15,-1.78E-15,-1.644034348,0
18,Rosettav3_B102_R,5,19,fa_talaris2014,-6.13794733,0,-1.904748605,1.87E-14,0.602784295,5.308898689,0.104106543,0.001096294,0.105949166,1.28E-11,0,-1.42E-14,6.88E-15,0,-1.78E-15,-1.919860947,0
19,Rosettav3_B102_R,5,20,fa_talaris2014,-4.401609701,0,-0.179193166,2.40E-14,-0.210099943,3.389251575,1.437829235,0.000134551,-1.029610069,9.21E-11,0,1.42E-14,2.58E-13,0,-1.78E-15,-0.993297518,1.11E-16
20,Rosettav3_B102_R,5,21,fa_talaris2014,-5.440280984,1.14E-13,-2.376380675,1.87E-14,0.335898472,5.569618757,0.258122074,-0.006277472,-1.865391976,-8.10E-11,7.11E-15,-1.42E-14,3.38E-13,0,-1.78E-15,-3.524691805,-1.11E-16
21,Rosettav3_B102_R,5,22,fa_talaris2014,-5.772150248,0,-0.993938073,-8.88E-16,0.774000098,5.063714698,0.478334752,-0.077073033,1.596810164,5.95E-11,7.11E-15,0,-1.96E-13,0,-1.78E-15,1.069698358,0
22,Rosettav3_B102_R,5,23,fa_talaris2014,-4.734424654,0,-1.225177156,-1.78E-14,0.501023988,4.136351132,0.421890408,0.11216734,-0.007326466,-1.03E-10,7.11E-15,0,2.49E-14,7.11E-15,-1.78E-15,-0.795495407,0
23,Rosettav3_B102_R,5,24,fa_talaris2014,-4.638415133,0,-1.046625845,-4.35E-14,0.462134842,3.915364665,0.492493319,-0.205615109,0.100727038,5.97E-11,7.11E-15,1.42E-14,-3.50E-13,0,-1.78E-15,-0.919936224,-5.55E-17
24,Rosettav3_B102_R,5,25,fa_talaris2014,-5.000507279,-1.14E-13,-0.959242204,4.17E-14,0.080974807,5.064035274,-0.25459885,0.030974928,-1.626153301,-1.50E-10,7.11E-15,0,1.19E-13,0,-1.78E-15,-2.664516626,2.22E-16
25,Rosettav3_B102_R,5,26,fa_talaris2014,-4.990840169,0,-1.212100393,4.53E-14,0.628220923,4.426179641,0.055587662,0.152081515,0.075365361,-2.96E-11,0,0,2.56E-13,7.11E-15,-1.78E-15,-0.865505461,0
26,Rosettav3_B102_R,5,27,fa_talaris2014,-4.8648051,0,-0.904521378,2.31E-14,0.410274677,4.204588153,0.796736088,-4.79E-05,0.544701085,-1.47E-10,0,-1.42E-14,1.53E-14,7.11E-15,-1.78E-15,0.186925631,0
27,Rosettav3_B102_R,5,28,fa_talaris2014,-4.733272272,0,-1.098283882,1.87E-14,0.209615853,4.807252536,-0.607137533,-0.096466186,-1.359512992,3.21E-11,-7.11E-15,0,2.12E-13,0,-1.78E-15,-2.877804477,0
28,Rosettav3_B102_R,5,29,fa_talaris2014,-5.141015505,0,-2.69397785,-7.11E-15,0.097335565,5.372769866,-1.407592968,0.395987868,-0.421123424,1.66E-10,0,0,8.64E-14,0,-1.78E-15,-3.797616447,0
29,Rosettav3_B102_R,5,30,fa_talaris2014,-6.620003234,0,-0.765833904,-2.31E-14,0.333205919,6.929354045,-0.315646247,-0.071370883,0.164823665,7.06E-11,7.11E-15,0,-6.26E-13,0,-1.78E-15,-0.345470639,0
30,Rosettav3_B102_R,5,31,fa_talaris2014,-3.826984298,0,0.746327082,1.33E-14,-0.177339155,2.345270835,0.980252107,-0.008829358,-0.822175124,9.05E-11,0,0,5.13E-14,0,-1.78E-15,-0.76347791,0
31,Rosettav3_B102_R,5,32,fa_talaris2014,-5.861960212,0,1.112480159,9.77E-15,0.254341805,4.804336306,1.891487533,-0.121808697,1.211960156,-4.04E-11,-7.11E-15,1.42E-14,1.73E-13,0,-1.78E-15,3.290837051,0
32,Rosettav3_B102_R,5,33,fa_talaris2014,-3.005333251,-1.14E-13,1.728779083,1.87E-14,0.002594584,1.83384388,-0.058243417,0.108864762,0.888891613,-1.58E-11,-7.11E-15,-1.42E-14,-1.44E-13,0,-1.78E-15,1.499397254,0
33,Rosettav3_B102_R,5,34,fa_talaris2014,-5.10850441,0,-1.637594298,-7.55E-14,0.317117891,4.395501769,1.03748,-0.081658635,0.104058922,1.13E-11,-7.11E-15,-1.42E-14,-2.03E-13,-7.11E-15,-1.78E-15,-0.97359876,0
34,Rosettav3_B102_R,5,35,fa_talaris2014,-6.216087266,0,-1.129475626,2.84E-14,0.269509244,5.780113882,-0.171541115,-0.037392217,-0.006952776,5.41E-11,7.11E-15,-1.42E-14,-1.13E-13,0,-1.78E-15,-1.511825874,1.11E-16
